id_regle,regle_brute
1,[1] ?RUN(True) @3 [.] DEF(.) <construction(_IS_cinaspic):B(nombre_personnes_recues>=100)> {entree_graphique(1)} #INTERDICTION
10,[10] ?RUN(True) @25 [zonage(1)] DEF(.) <general> {.} QUALI(_information)
100,[100] ?RUN(True) @54 [zonage(1)] DEF(.) <construction:B(saillie_marge_retrait_6))> {B(taille_saillie_marge_retrait_6<=1.2ANDhauteur_saillie_marge_retrait_6<=5.5)} #AUTORISATION
101,[101] ?RUN(True) @54 [zonage(1)] DEF(.) <isolation_par_exterieur:B(isolation_dans_marge_retrait_6)> {B(date_construction<=%date_approbation)} #AUTORISATION
102,[102] ?RUN(True) @54 [zonage(1)] DEF(.) <construction:B(acces_batiment_marge_retrait_6)> {.} #AUTORISATION
103,[103] ?RUN(True) @56 [zonage(1)] DEF(.) <construction(_IS_cinaspic)> {.} C(implantation_alignement_6_AUT=True)
104,[104] ?RUN(True) @56 [zonage(1)] DEF(.) <construction(_IS_cinaspic)> {.} C(implantation_retrait_6_AUT=True)
105,[105] ?RUN(True) @56 [zonage(1)] DEF(.) <construction(_IS_cinaspic)> {.} C(marge_retrait_6=2.)
106,"[106] ?RUN(True) @57 [zonage(5)] DEF(.) <construction:B(facade_sur_rue)> {bande_constructible(14,16)} C(implantation_sur_limite_7_OBL=True)"
107,"[107] ?RUN(True) @57 [zonage(5)] DEF(.) <construction> {bande_constructible(16,else)} C(implantation_sur_limite_7_AUT=True)"
108,"[108] ?RUN(True) @57 DEF(.) <construction> {bande_constructible(16,else)} C(implantation_retrait_7_AUT=True)"
109,[109] ?RUN(True) @57 [zonage(5)] DEF(marge_retrait_7:eq:1) <construction> {entree_graphique(10)} C(implantation_retrait_7_OBL=True)
11,[11] ?RUN(True) @27 [zonage(1)] DEF(.) <construction(_IS_exploitation_agricole_forestiere)> {.} #INTERDICTION
110,[110] ?RUN(True) @58 [zonage(6)] DEF(marge_retrait_7:eq:1) <construction> {.} C(implantation_sur_limite_7_AUT=True)
111,[111] ?RUN(True) @58 [zonage(6)] DEF(marge_retrait_7:eq:1) <construction> {.} C(implantation_retrait_7_AUT=True)
112,[112] ?RUN(try_exception(case=[zonage(9)])) @58 [zonage(6)] DEF(.) <construction> {entree_graphique(11)} C(implantation_retrait_7_OBL=True)
113,"[113] ?RUN(True) @59 [zonage(1)] DEF(marge_retrait_7:eq:1,hauteur_construction:eq:2) <general> {B(implantation_retrait_7_avec_vue)} C(marge_retrait_7=max(6.,hauteur_construction/2))"
114,"[114] ?RUN(True) @59 [zonage(1)] DEF(distance_limite_separative:eq:1,marge_retrait_7:eq:2) <general> {B(implantation_retrait_7_sans_vue)} C(marge_retrait_7=max(4.,hauteur_construction/2))"
115,[115] ?RUN(True) @61 [zonage(1)] DEF(.) <isolation_par_exterieur:B(isolation_marge_retrait_7)> {B(date_construction<=%date_approbation)} #AUTORISATION
116,[116] ?RUN(True) @61 [zonage(1)] DEF(.) <construction> {.} C(acces_batiment_dans_marge_retrait_AUT=True)
117,[117] ?RUN(True) @62 [zonage(1)] DEF(.) <piscine:B(!(piscine_est_couverte)AND(!piscine_necessite_permis_construire))> {.} C(marge_reculement=1.5)
118,[118] ?RUN(True) @63 [zonage(1)] DEF(.) <construction(_IS_cinaspic)> {.} C(implantation_sur_limite_7_AUT=True)
119,[119] ?RUN(True) @63 [zonage(1)] DEF(.) <construction(_IS_cinaspic)> {.} C(implantation_retrait_7_AUT=True)
12,[12] ?RUN(True) @27 [zonage(1)] DEF(.) <terrain_camping_ou_caravaning> {.} #INTERDICTION
120,[120] ?RUN(True) @63 [zonage(1)] DEF(.) <construction(_IS_cinaspic)> {.} C(marge_retrait_7=2.)
121,"[121] ?RUN(try_exception(case=<construction(_IS_cinaspic)>)) @65 [zonage(1)] DEF(distance_construction_meme_propriete:eq:1) <construction> {.} C(distance_construction_meme_propriete_avec_vue_MIN=max(8.,hauteur_construction_max_vis_a_vis))"
122,"[122] ?RUN(try_exception(case=<construction(_IS_cinaspic)>)) @65 [zonage(1)] DEF(distance_construction_meme_propriete:eq:1) <construction> {.} C(distance_construction_meme_propriete_sans_vue_MIN=max(4.,hauteur_construction_max_vis_a_vis/2))"
123,[123] ?RUN(try_exception(case=<construction(_IS_cinaspic)>)) @66 [zonage(1)] DEF(distance_construction_meme_propriete:eq:1) <general> {.} C(distance_construction_meme_propriete_avec_vue-MIN=4.)
124,[124] ?RUN(try_exception(case=<construction(_IS_cinaspic)>)) @66 [zonage(1)] DEF(distance_construction_meme_propriete:eq:1) <general> {.} C(distance_construction_meme_propriete_sans_vue_MIN=4.)
126,[125] ?RUN(True) @66 [zonage(1)] DEF(distance_construction_meme_propriete:eq:1) <construction:B(!toiture_plate)> {.} â†’ DEF(hauteur_construction:eq:7)
127,[126] ?RUN(try_exception(case=<construction(_IS_cinaspic)>)) @68 [zonage(1)] DEF(.) <construction> {.} C(emprise_au_sol_MAX=(0.8*superficie_terrain))
128,[127] ?RUN(True) @71 [zonage(5)] DEF(.) <construction> {.} C(hauteur_construction_plus_haut_MAX=18.)
129,[128] ?RUN(True) @71 [zonage(6)] DEF(.) <construction> {.} C(hauteur_construction_plus_haut_MAX=18.)
13,[129] ?RUN(True) @71 [zonage(5)] DEF(.) <construction:B(facade_sur_rue)> {.} C(hauteur_point_accroche=15.)
130,[13] ?RUN(True) @27 [zonage(1)] DEF(.) <depot> {.} #INTERDICTION
131,[130] ?RUN(True) @71 [zonage(6)] DEF(.) <construction:B(facade_sur_rue)> {.} C(hauteur_point_accroche=15.)
132,[131] ?RUN(True) @71 [zonage(5)] DEF(.) <construction:B(facade_sur_rue)> {.} C(hauteur_principale_MAX=3.)
133,[132] ?RUN(True) @71 [zonage(6)] DEF(.) <construction:B(facade_sur_rue)> {.} C(hauteur_principale_MAX=3.)
134,[133] ?RUN(True) @71 [zonage(5)] DEF(.) <construction:B(facade_sur_rue)> {.} C(angle_principal_MAX=60.)
135,[134] ?RUN(True) @71 [zonage(6)] DEF(.) <construction:B(facade_sur_rue)> {.} C(angle_principal_MAX=60.)
136,[135] ?RUN(True) @71 [zonage(5)] DEF(.) <construction:B(type_toiture==mansart)> {.} C(hauteur_point_accroche=15.)
137,[136] ?RUN(True) @71 [zonage(6)] DEF(.) <construction:B(type_toiture==mansart)> {.} C(hauteur_point_accroche=15.)
138,[137] ?RUN(True) @71 [zonage(5)] DEF(.) <construction:B(type_toiture==mansart)> {.} C(angle_secondaire_MAX=0.)
139,[138] ?RUN(True) @71 [zonage(6)] DEF(.) <construction:B(type_toiture==mansart)> {.} C(angle_secondaire_MAX=0.)
14,[139] ?RUN(True) @71 [zonage(5)] DEF(.) <construction:B(type_toiture==mansart)> {.} C(profondeur_secondaire_MAX=1.5)
140,[14] ?RUN(True) @27 [zonage(1)] DEF(.) <entreprise_cassage_voiture> {.} #INTERDICTION
141,[140] ?RUN(True) @71 [zonage(6)] DEF(.) <construction:B(type_toiture==mansart)> {.} C(profondeur_secondaire_MAX=1.5)
142,[141] ?RUN(True) @71 [zonage(5)] DEF(.) <construction:B(type_toiture==mansart)> {.} C(profondeur_principale_MAX=1.5)
143,[142] ?RUN(True) @71 [zonage(6)] DEF(.) <construction:B(type_toiture==mansart)> {.} C(profondeur_principale_MAX=1.5)
144,[143] ?RUN(True) @72 [zonage(9)] DEF(.) <general> {.} C(hauteur_construction_egout_MAX=9.)
145,[144] ?RUN(True) @72 [zonage(9)] DEF(.) <general> {.} C(hauteur_construction_plus_haut_MAX=12.)
146,[145] ?RUN(True) @72 [zonage(9)] DEF(.) <construction> {.} C(hauteur_point_accroche=9.)
147,[146] ?RUN(True) @72 [zonage(9)] DEF(.) <construction> {.} C(profondeur_principale_MAX=3.)
148,[147] ?RUN(True) @72 [zonage(9)] DEF(.) <construction> {.} C(angle_principal_MAX=45.)
149,[148] ?RUN(True) @72 [zonage(9)] DEF(.) <construction:B(type_toiture==mansart)> {.} C(hauteur_point_accroche=9.)
15,[149] ?RUN(True) @72 [zonage(9)] DEF(.) <construction:B(type_toiture==mansart)> {.} C(angle_secondaire_MAX=60.)
150,[15] ?RUN(True) @27 [zonage(1)] DEF(.) <exhaussement_affouillement:B(!indispensable_construction_utilisation)> {.} #INTERDICTION
151,[150] ?RUN(True) @72 [zonage(9)] DEF(.) <construction:B(type_toiture==mansart)> {.} C(hauteur_secondaire_MAX=2.)
152,[151] ?RUN(True) @72 [zonage(9)] DEF(.) <construction:B(type_toiture==mansart)> {.} C(angle_tertiaire_MAX=30.)
153,[152] ?RUN(True) @72 [zonage(9)] DEF(.) <construction:B(type_toiture==mansart)> {.} C(hauteur_tertiaire_MAX=1.)
154,[153] ?RUN(True) @73 [zonage(1)] DEF(.) <general> {entree_graphique(12)} QUALI(_contrainte)
155,[154] ?RUN(True) @73 [zonage(1)] DEF(.) <construction:B(implantation_alignement_6)> {entree_graphique(12)} C(hauteur_construction_plus_haut_MAX=heberge_voisine_plus_haute)
156,[155] ?RUN(True) @74 [zonage(1)] DEF(retrait_installations_techniques_en_terrasse:eq:2) <construction:B(installations_techniques_en_terrasse)> {B(hauteur_installations_techniques_en_terrasse<=3.ANDretrait_installations_techniques_en_terrasse>=hauteur_installations_techniques_en_terrasse)} C(compte_pour_la_hauteur=False)
157,[156] ?RUN(True) @74 [zonage(1)] DEF(.) <construction:B(installations_techniques)> {.} QUALI(_contrainte)
158,[157] ?RUN(MAYBE) @75 [zonage(1)] DEF(.) <surelevation> {.} #AUTORISATION
159,[158] ?RUN(True) @75 [zonage(1)] DEF(.) <surelevation> {.} QUALI(_contrainte)
16,[159] ?RUN(MAYBE) @75 [zonage(1)] DEF(.) <isolation> {.} #AUTORISATION
160,[16] ?RUN(True) @27 [zonage(1)] DEF(.) <exploitation_carriere:B(necessite_autorisation)> {.} #INTERDICTION
161,[160] ?RUN(True) @75 [zonage(1)] DEF(.) <isolation> {.} QUALI(_contrainte)
162,[161] ?RUN(True) @77 [zonage(1)] DEF(hauteur_construction:eq:1) <construction:B(est_annexe)> {.} C(hauteur_construction_MAX=3.5)
163,[162] ?RUN(True) @78 [zonage(5)] DEF(.) <construction(_IS_cinaspic)> {.} C(hauteur_construction_plus_haut_MAX=18.)
164,[163] ?RUN(True) @78 [zonage(6)] DEF(.) <construction(_IS_cinaspic)> {.} C(hauteur_construction_plus_haut_MAX=18.)
165,[164] ?RUN(True) @78 [zonage(9)] DEF(.) <construction(_IS_cinaspic)> {.} C(hauteur_construction_plus_haut_MAX=12.)
166,[165] ?RUN(True) @79 [zonage(1)] DEF(.) <general> {.} QUALI(_justification)
167,[166] ?RUN(True) @80 [zonage(1)] DEF(.) <construction> {.} QUALI(_contrainte)
168,[167] ?RUN(True) @80 [zonage(1)] DEF(.) <construction> {entree_graphique(14)} C(toiture_a_pente_OBL=True)
169,[168] ?RUN(True) @80 [zonage(1)] DEF(.) <construction:B(cheminee)> {.} QUALI(_contrainte)
17,[169] ?RUN(MAYBE) @80 [zonage(1)] DEF(.) <construction:B(toiture_vegetalisee)> {QUALI(1)} #AUTORISATION
170,[17] ?RUN(True) @27 [zonage(1)] DEF(.) <construction(_IS_industrie)> {.} #INTERDICTION
171,[170] ?RUN(MAYBE) @80 [zonage(1)] DEF(.) <construction:B(systeme_production_energie_renouvelable)> {QUALI(1)} #AUTORISATION
172,[171] ?RUN(True) @81 [zonage(1)] DEF(.) <construction:B(facade_sur_rue)> {.} C(nombre_baies_facade_sur_rue_MIN=1)
173,[172] ?RUN(True) @81 [zonage(1)] DEF(.) <construction> {.} QUALI(_contrainte)
174,[173] ?RUN(True) @81 [zonage(1)] DEF(.) <construction:B(est_annexe)> {.} QUALI(_contrainte)
175,[174] ?RUN(True) @81 [zonage(1)] DEF(.) <construction:B(cloture)> {.} QUALI(_contrainte)
176,[175] ?RUN(alt_level(4)==1) @81 [zonage(1)] DEF(.) <construction:B(volet_roulant)> {.} C(caisson_volet_roulant_interieur_OBL=True)
177,[176] ?RUN(alt_level(4)==2) @81 [zonage(1)] DEF(.) <construction:B(volet_roulant)> {.} C(caisson_volet_roulant_interieur_OBL=False)
178,[177] ?RUN(alt_level(4)==2) @81 [zonage(1)] DEF(.) <construction:B(volet_roulant)> {.} QUALI(_contrainte)
179,[178] ?RUN(True) @82 [zonage(1)] DEF(.) <construction(_IS_commerce)> {.} QUALI(_contrainte)
18,[179] ?RUN(True) @82 [zonage(1)] DEF(.) <construction(_IS_commerce)> {.} C(hauteur_rez_chausee_MIN=3.)
180,[18] ?RUN(True) @27 [zonage(1)] DEF(.) <construction(_IS_entrepot)> {.} #INTERDICTION
181,[180] ?RUN(True) @82 [zonage(1)] DEF(.) <construction(_IS_commerce):B(commerce_sur_plusieurs_immeubles_contigus)> {.} QUALI(_contrainte)
182,[181] ?RUN(True) @82 [zonage(1)] DEF(.) <construction(_IS_commerce)> {.} QUALI(_contrainte)
183,[182] ?RUN(True) @82 [zonage(1)] DEF(.) <general> {.} QUALI(_contrainte)
184,[183] ?RUN(True) @82 [zonage(1)] DEF(.) <SUJET:B(VAR)> {.} QUALI(_contrainte)
185,[184] ?RUN(True) @82 [zonage(1)] DEF(.) <general> {.} C(VDC)
186,[185] ?RUN(True) @83 [zonage(1)] DEF(.) <construction:B(descente_eaux_pluviales)> {.} QUALI(_contrainte)
187,[186] ?RUN(True) @84 [zonage(1)] DEF(.) <construction:B(rampe_parking)> {.} QUALI(_contrainte)
188,[187] ?RUN(True) @85 [zonage(1)] DEF(.) <construction:B(edicule_gaine_technique)> {.} QUALI(_contrainte)
189,[188] ?RUN(True) @86 [zonage(1)] DEF(.) <construction:B(conduit_chemineeANDdevoiement_conduit_cheminee)> {.} QUALI(_contrainte)
19,[189] ?RUN(True) @87 [zonage(1)] DEF(.) <construction:B(antenne)> {.} QUALI(_contrainte)
190,[19] ?RUN(True) @28 [zonage(1)] DEF(.) <general> {entree_graphique(5)} QUALI(_contrainte)
191,[190] ?RUN(True) @88 [zonage(1)] DEF(.) <construction:B(panneau_solaire)> {.} QUALI(_contrainte)
192,[191] ?RUN(try_exception_mb(case=<construction(_IS_cinaspic)>&{QUALI(3)})ANDtry_exception_mb(case={QUALI(4)})) @89 [zonage(1)] DEF(.) <construction:B(cloture)> {.} QUALI(_contrainte)
193,[192] ?RUN(try_exception_mb(case=<construction(_IS_cinaspic)>&{QUALI(3)})ANDtry_exception_mb(case={QUALI(4)})) @90 [zonage(1)] DEF(.) <construction:B(cloture)> {.} QUALI(_contrainte)
194,[193] ?RUN(try_exception_mb(case=<construction(_IS_cinaspic)>&{QUALI(3)})ANDtry_exception_mb(case={QUALI(4)})) @91 [zonage(1)] DEF(etalon_hauteur_cloture:eq:1) <construction:B(cloture)> {.} C(hauteur_cloture_MAX=2.)
195,[194] ?RUN(try_exception_mb(case={B(mur_soutenement_sur_rue))ANDtry_exception_mb(case=<construction(_IS_cinaspic)>&{QUALI(3)})ANDtry_exception_mb(case={QUALI(4)})) @91 [zonage(1)] DEF(.) <construction:B(clotureANDcloture_sur_rue)> {.} QUALI(_contrainte)
196,[195] ?RUN(try_exception_mb(case={B(mur_soutenement_sur_rue))ANDtry_exception_mb(case=<construction(_IS_cinaspic)&{QUALI(3)})ANDtry_exception_mb(case={QUALI(4)})) @91 [zonage(1)] DEF(.) <construction:B(clotureANDcloture_sur_rue)> {.} C(hauteur_mur_bahut_MAX=1.2)
197,[196] ?RUN(try_exception_mb(case={B(mur_soutenement_sur_rue))ANDtry_exception_mb(case=<construction(_IS_cinaspic)>&{QUALI(3)})ANDtry_exception_mb(case={QUALI(4)})) @92 [zonage(1)] DEF(.) <construction:B(portail)> {.} C(hauteur_portail_MAX=2.2)
198,[197] ?RUN(try_exception_mb(case={B(mur_soutenement_sur_rue))ANDtry_exception_mb(case=<construction(_IS_cinaspic)>&{QUALI(3)})ANDtry_exception_mb(case={QUALI(4)})) @92 [zonage(1)] DEF(.) <construction:B(portillon)> {.} C(hauteur_portillon_MAX=2.2)
199,[198] ?RUN(try_exception_mb(case={B(mur_soutenement_sur_rue))ANDtry_exception_mb(case=<construction(_IS_cinaspic)>&{QUALI(3)})ANDtry_exception_mb(case={QUALI(4)})) @92 [zonage(1)] DEF(.) <construction:B(pillier)> {.} C(hauteur_pillier_MAX=2.2)
2,[199] ?RUN(try_exception_mb(case={B(mur_soutenement_sur_rue))ANDtry_exception_mb(case=<construction(_IS_cinaspic)>&{QUALI(3)})ANDtry_exception_mb(case={QUALI(4)})) @92 [zonage(1)] DEF(.) <construction:B(portail)> {.} QUALI(_contrainte)
20,[2] ?RUN(True) @3 [.] DEF(.) <construction:QUALI(2)> {entree_graphique(1)} #INTERDICTION
200,[20] ?RUN(True) @28 [zonage(1)] DEF(.) <travaux_sur_existant(_FROM_artisanat_TO_habitation):B(rez_chausee)> {entree_graphique(5)} #INTERDICTION
201,[200] ?RUN(try_exception_mb(case={B(mur_soutenement_sur_rue))ANDtry_exception_mb(case=<construction(_IS_cinaspic)>&{QUALI(3)})ANDtry_exception_mb(case={QUALI(4)})) @92 [zonage(1)] DEF(.) <construction:B(portillon)> {.} QUALI(_contrainte)
202,[201] ?RUN(try_exception_mb(case={B(mur_soutenement_sur_rue))ANDtry_exception_mb(case=<construction(_IS_cinaspic)>&{QUALI(3)})ANDtry_exception_mb(case={QUALI(4)})) @92 [zonage(1)] DEF(.) <construction:B(pillier)> {.} QUALI(_contrainte)
203,[202] ?RUN(try_exception_mb(case=<construction(_IS_cinaspic)&{QUALI(3)})ANDtry_exception_mb(case={QUALI(4)})) @94 [zonage(1)] DEF(etalon_hauteur_cloture:eq:2) <construction:B(clotureANDcloture_sur_autre_limite_separative)> {.} C(hauteur_cloture_MAX=2.)
204,[203] ?RUN(True) @(96:100) [zonage(5)] DEF(.) <construction> {.} QUALI(_contrainte)
205,[204] ?RUN(True) @(101:103) [zonage(1)] DEF(.) <construction> {entree_graphique(13)} QUALI(_contrainte)
206,[205] ?RUN(True) @104 [zonage(1)] DEF(.) <general> {.} QUALI(_contrainte)
207,[206] ?RUN(alt_level(5)==1) @105 [zonage(1)] DEF(.) <construction:B(nombre_logement>=10)> {.} C(proportion_places_stationnement_dans_construction_MIN=0.8)
208,[207] ?RUN(alt_level(5)==1) @105 [zonage(1)] DEF(.) <construction(_IS_bureau)> {.} C(proportion_places_stationnement_dans_construction_MIN=0.8)
209,[208] ?RUN(alt_level(5)==1) @105 [zonage(1)] DEF(.) <construction(_IS_commerce)> {.} C(proportion_places_stationnement_dans_construction_MIN=0.8)
21,[209] ?RUN(alt_level(5)==1) @105 [zonage(1)] DEF(.) <construction(_IS_artisanat)> {.} C(proportion_places_stationnement_dans_construction_MIN=0.8)
210,[21] ?RUN(True) @28 [zonage(1)] DEF(.) <travaux_sur_existant(_FROM_artisanat_TO_hebergement_hotelier):B(rez_chausee)> {entree_graphique(5)} #INTERDICTION
211,[210] ?RUN(alt_level(5)==1) @105 [zonage(1)] DEF(.) <construction(_IS_industrie)> {.} C(proportion_places_stationnement_dans_construction_MIN=0.8)
212,[211] ?RUN(alt_level(5)==1) @105 [zonage(1)] DEF(.) <construction(_IS_hebergement_hotelier)> {.} C(proportion_places_stationnement_dans_construction_MIN=0.8)
213,[212] ?RUN(alt_level(5)==1) @105 [zonage(1)] DEF(.) <construction(_IS_entrepot)> {.} C(proportion_places_stationnement_dans_construction_MIN=0.8)
214,[213] ?RUN(alt_level(5)==1) @105 [zonage(1)] DEF(.) <construction(_IS_exploitation_agricole_forestiere)> {.} C(proportion_places_stationnement_dans_construction_MIN=0.8)
215,[214] ?RUN(alt_level(5)==1) @105 [zonage(1)] DEF(.) <construction(_IS_cinaspic)> {.} C(proportion_places_stationnement_dans_construction_MIN=0.8)
216,[215] ?RUN(alt_level(5)==2) @105 [zonage(1)] DEF(.) <construction:B(nombre_logement>=10)> {.} QUALI(_contrainte)
217,[216] ?RUN(alt_level(5)==2) @105 [zonage(1)] DEF(.) <construction(_IS_bureau)> {.} QUALI(_contrainte)
218,[217] ?RUN(alt_level(5)==2) @105 [zonage(1)] DEF(.) <construction(_IS_commerce)> {.} QUALI(_contrainte)
219,[218] ?RUN(alt_level(5)==2) @105 [zonage(1)] DEF(.) <construction(_IS_artisanat)> {.} QUALI(_contrainte)
22,[219] ?RUN(alt_level(5)==2) @105 [zonage(1)] DEF(.) <construction(_IS_industrie)> {.} QUALI(_contrainte)
220,[22] ?RUN(True) @28 [zonage(1)] DEF(.) <travaux_sur_existant(_FROM_artisanat_TO_bureau):B(rez_chausee)> {entree_graphique(5)} #INTERDICTION
221,[220] ?RUN(alt_level(5)==2) @105 [zonage(1)] DEF(.) <construction(_IS_hebergement_hotelier)> {.} QUALI(_contrainte)
222,[221] ?RUN(alt_level(5)==2) @105 [zonage(1)] DEF(.) <construction(_IS_entrepot)> {.} QUALI(_contrainte)
223,[222] ?RUN(alt_level(5)==2) @105 [zonage(1)] DEF(.) <construction(_IS_exploitation_agricole_forestiere)> {.} QUALI(_contrainte)
224,[223] ?RUN(alt_level(5)==2) @105 [zonage(1)] DEF(.) <construction(_IS_cinaspic)> {.} QUALI(_contrainte)
225,[224] ?RUN(True) @107 [zonage(1)] DEF(.) <construction:B(place_stationnement_commandee)> {.} #INTERDICTION
226,[225] ?RUN(True) @108 [zonage(1)] DEF(.) <construction(_IS_bureau)> {B(distance_desserte_transport_en_commun>=500.)} C(nombre_place_stationnement_IDE=ENT(surface_plancher/50.)+1)
227,[226] ?RUN(True) @108 [zonage(1)] DEF(.) <construction(_IS_bureau)> {B(distance_desserte_transport_en_commun<=500.)} C(nombre_place_stationnement_IDE=ENT(surface_plancher/60.)+1) 
228,"[227] ?RUN(True) @(109,110) [zonage(1)] DEF(.) <construction(_IS_habitation)> {.} C(nombre_place_stationnement_MIN=ENT(surface_plancher/60.)+1)"
229,"[228] ?RUN(True) @(109,110) [zonage(1)] DEF(.) <construction(_IS_habitation)> {.} C(nombre_place_stationnement_MAX=1.9*nombre_logement) "
23,"[229] ?RUN(True) @(109,110) [zonage(1)] DEF(.) <construction(_IS_habitation):B(pret_etat)> C(nombre_place_stationnement_MIN=1.*nombre_logement)"
230,[23] ?RUN(True) @28 [zonage(1)] DEF(.) <travaux_sur_existant(_FROM_artisanat_TO_industrie):B(rez_chausee)> {entree_graphique(5)} #INTERDICTION
231,"[230] ?RUN(True) @(109,110) [zonage(1)] DEF(.) <construction(_IS_habitation):B(pret_etat)> {B(distance_desserte_transport_en_commun<=500.)} C(nombre_place_stationnement_MIN=0.5*nombre_logement)"
232,"[231] ?RUN(True) @(109,110) [zonage(1)] DEF(.) <construction(_IS_habitation)> {B(distance_desserte_transport_en_commun<=500.)} C(nombre_place_stationnement_MIN=1.*nombre_logement)"
233,"[232] ?RUN(True) @(109,111) [zonage(1)] DEF(.) <construction(_IS_commerce):B(surface_plancher>=150.)> {.} C(nombre_place_stationnement_MIN=max(2,ENT(surface_plancher/40.)+1))"
234,"[233] ?RUN(True) @(109,111) [zonage(1)] DEF(.) <construction(_IS_commerce):B(surface_plancher>=150.)> {.} C(nombre_place_stationnement_livraison_MIN=1)"
235,"[234] ?RUN(True) @(109,112) [zonage(1)] DEF(.) <construction(_IS_artisanat):B(surface_plancher>=1500.)> {.} C(nombre_place_stationnement_livraison_MIN=1)"
236,"[235] ?RUN(True) @(109,113) [zonage(1)] DEF(.) <construction(_IS_hebergement_hotelier)> {.} C(nombre_place_stationnement_MIN=max(20,nombre_chambre)+ENT(max(nombre_chambre-20),0)/20.)+1))"
237,"[236] ?RUN(True) @(109,114) [zonage(1)] DEF(.) <construction(_IS_cinaspic)> {.} QUALI(_contrainte)"
238,[237] ?RUN(True) @115 [zonage(1)] DEF(.) <rehabilitation(_TO_habitation)> {B(surface_plancher_construite<=50.ANDconstruction_regulierement_edifiee)} C(nombre_place_stationnement_detruite_MAX=nombre_place_stationnement_construite)
239,[238] ?RUN(True) @115 [zonage(1)] DEF(.) <rehabilitation(_TO_habitation)> {B(surface_plancher_construite<=50.ANDconstruction_regulierement_edifiee)} FREE(nombre_place_stationnement_construite)
24,[239] ?RUN(True) @115 [zonage(1)] DEF(.) <surelevation(_TO_habitation)> {B(surface_plancher_construite<=50.ANDconstruction_regulierement_edifiee)} C(nombre_place_stationnement_detruite_MAX=nombre_place_stationnement_construite)
240,[24] ?RUN(True) @28 [zonage(1)] DEF(.) <travaux_sur_existant(_FROM_artisanat_TO_exploitation_agricole_forestiere):B(rez_chausee)> {entree_graphique(5)} #INTERDICTION
241,[240] ?RUN(True) @115 [zonage(1)] DEF(.) <surelevation(_TO_habitation)> {B(surface_plancher_construite<=50.ANDconstruction_regulierement_edifiee)} FREE(nombre_place_stationnement_construite)
242,[241] ?RUN(True) @115 [zonage(1)] DEF(.) <amenagement(_TO_habitation)> {B(surface_plancher_construite<=50.ANDconstruction_regulierement_edifiee)} C(nombre_place_stationnement_detruite_MAX=nombre_place_stationnement_construite)
243,[242] ?RUN(True) @115 [zonage(1)] DEF(.) <amenagement(_TO_habitation)> {B(surface_plancher_construite<=50.ANDconstruction_regulierement_edifiee)} FREE(nombre_place_stationnement_construite)
244,[243] ?RUN(True) @115 [zonage(1)] DEF(.) <extension(_TO_habitation)> {B(surface_plancher_construite<=50.ANDconstruction_regulierement_edifiee)} C(nombre_place_stationnement_detruite_MAX=nombre_place_stationnement_construite)
245,[244] ?RUN(True) @115 [zonage(1)] DEF(.) <extension(_TO_habitation)> {B(surface_plancher_construite<=50.ANDconstruction_regulierement_edifiee)} FREE(nombre_place_stationnement_construite)
246,[245] ?RUN(True) @116 [zonage(1)] DEF(.) <extension(_IS_bureau):B(surface_plancher_construite>=50.)> {B(distance_desserte_transport_en_commun>=500.)} C(nombre_place_stationnement_IDE=ENT(surface_plancher/50.)+1)
247,[246] ?RUN(True) @116 [zonage(1)] DEF(.) <extension(_IS_bureau):B(surface_plancher_construite>=50.)> {B(distance_desserte_transport_en_commun<=500.)} C(nombre_place_stationnement_IDE=ENT(surface_plancher/60.)+1) 
248,[247] ?RUN(True) @116 [zonage(1)] DEF(.) <extension(_IS_habitation):B(surface_plancher_construite>=50.)> {.} C(nombre_place_stationnement_MIN=ENT(surface_plancher/60.)+1)
249,[248] ?RUN(True) @116 [zonage(1)] DEF(.) <extension(_IS_habitation):B(surface_plancher_construite>=50.)> {.} C(nombre_place_stationnement_MAX=1.9*nombre_logement) 
25,[249] ?RUN(True) @116 [zonage(1)] DEF(.) <extension(_IS_habitation):B(pret_etatANDsurface_plancher_construite>=50.)> {.} C(nombre_place_stationnement_MIN=1.*nombre_logement)
250,[25] ?RUN(True) @28 [zonage(1)] DEF(.) <travaux_sur_existant(_FROM_artisanat_TO_entrepot):B(rez_chausee)> {entree_graphique(5)} #INTERDICTION
251,[250] ?RUN(True) @116 [zonage(1)] DEF(.) <extension(_IS_habitation):B(pret_etatANDsurface_plancher_construite>=50.)> {B(distance_desserte_transport_en_commun<=500.)} C(nombre_place_stationnement_MIN=0.5*nombre_logement)
252,[251] ?RUN(True) @116 [zonage(1)] DEF(.) <extension(_IS_habitation):B(surface_plancher_construite>=50.)> {B(distance_desserte_transport_en_commun<=500.)} C(nombre_place_stationnement_MIN=1.*nombre_logement)
253,"[252] ?RUN(True) @116 [zonage(1)] DEF(.) <extension(_IS_commerce):B(surface_plancher>=150.ANDsurface_plancher_construite>=50.)> {.} C(nombre_place_stationnement_MIN=max(2,ENT(surface_plancher/40.)+1))"
254,[253] ?RUN(True) @116 [zonage(1)] DEF(.) <extension(_IS_commerce):B(surface_plancher>=150.ANDsurface_plancher_construite>=50.)> {.} C(nombre_place_stationnement_livraison_MIN=1)
255,[254] ?RUN(True) @116 [zonage(1)] DEF(.) <extension(_IS_artisanat):B(surface_plancher>=1500.ANDsurface_plancher_construite>=50.)> {.} C(nombre_place_stationnement_livraison_MIN=1)
256,"[255] ?RUN(True) @116 [zonage(1)] DEF(.) <extension(_IS_hebergement_hotelierANDsurface_plancher_construite>=50.)> {.} C(nombre_place_stationnement_MIN=max(20,nombre_chambre)+ENT(max(nombre_chambre-20),0)/20.)+1))"
257,[256] ?RUN(True) @116 [zonage(1)] DEF(.) <amenagement(_IS_habitation):B(surface_plancher_construite>=50.ANDnombre_logement_cree>=1)> {.} C(nombre_place_stationnement_MIN=ENT(surface_plancher/60.)+1)
258,[257] ?RUN(True) @116 [zonage(1)] DEF(.) <amenagement(_IS_habitation):B(surface_plancher_construite>=50.ANDnombre_logement_cree>=1)> {.} C(nombre_place_stationnement_MAX=1.9*nombre_logement) 
259,[258] ?RUN(True) @116 [zonage(1)] DEF(.) <amenagement(_IS_habitation):B(pret_etatANDsurface_plancher_construite>=50.ANDnombre_logement_cree>=1)> {.} C(nombre_place_stationnement_MIN=1.*nombre_logement)
26,[259] ?RUN(True) @116 [zonage(1)] DEF(.) <amenagement(_IS_habitation):B(pret_etatANDsurface_plancher_construite>=50.ANDnombre_logement_cree>=1)> {B(distance_desserte_transport_en_commun<=500.)} C(nombre_place_stationnement_MIN=0.5*nombre_logement)
260,[26] ?RUN(True) @28 [zonage(1)] DEF(.) <travaux_sur_existant(_FROM_artisanat_TO_cinaspic):B(rez_chausee)> {entree_graphique(5)} #INTERDICTION
261,[260] ?RUN(True) @116 [zonage(1)] DEF(.) <amenagement(_IS_habitation):B(surface_plancher_construite>=50.ANDnombre_logement_cree>=1)> {B(distance_desserte_transport_en_commun<=500.)} C(nombre_place_stationnement_MIN=1.*nombre_logement)
262,"[261] ?RUN(True) @117 [zonage(1)] DEF(.) <travaux_sur_existant(_TO_bureau)> {B(distance_desserte_transport_en_commun>=500.)} OPT(nombre_place_stationnement, minimum,(C(nombre_place_stationnement_MIN=ENT(surface_plancher_construite/60.)+1),C(nombre_place_stationnement_IDE=ENT(surface_plancher/50.)+1))))"
263,"[262] ?RUN(True) @117 [zonage(1)] DEF(.) <travaux_sur_existant(_TO_bureau)> {B(distance_desserte_transport_en_commun<=500.)} OPT(nombre_place_stationnement, minimum,(C(nombre_place_stationnement_MIN=ENT(surface_plancher_construite/60.)+1),C(nombre_place_stationnement_IDE=ENT(surface_plancher/60.)+1))))"
264,"[263] ?RUN(True) @117 [zonage(1)] DEF(.) <travaux_sur_existant(_TO_commerce):B(surface_plancher>=150.)> {.} OPT(nombre_place_stationnement, minimum,(C(nombre_place_stationnement_MIN=ENT(surface_plancher_construite/60.)+1),C(nombre_place_stationnement_MIN=max(2,ENT(surface_plancher/40.)+1)))))"
265,"[264] ?RUN(True) @117 [zonage(1)] DEF(.) <travaux_sur_existant(_TO_artisanat)> {.} OPT(nombre_place_stationnement, minimum,(C(nombre_place_stationnement_MIN=ENT(surface_plancher_construite/60.)+1),NULL)))"
266,"[265] ?RUN(True) @117 [zonage(1)] DEF(.) <travaux_sur_existant(_TO_industrie)> {.} OPT(nombre_place_stationnement, minimum,(C(nombre_place_stationnement_MIN=ENT(surface_plancher_construite/60.)+1),NULL))"
267,"[266] ?RUN(True) @117 [zonage(1)] DEF(.) <travaux_sur_existant(_TO_entrepot)> {.} OPT(nombre_place_stationnement, minimum,(C(nombre_place_stationnement_MIN=ENT(surface_plancher_construite/60.)+1),NULL)))"
268,"[267] ?RUN(True) @117 [zonage(1)] DEF(.) <travaux_sur_existant(_TO_exploitation_aricole_forestiere)> {.} OPT(nombre_place_stationnement, minimum,(C(nombre_place_stationnement_MIN=ENT(surface_plancher_construite/60.)+1),NULL)))"
269,"[268] ?RUN(True) @117 [zonage(1)] DEF(.) <travaux_sur_existant(_TO_cinaspic)> {.} OPT(nombre_place_stationnement, minimum,(C(nombre_place_stationnement_MIN=ENT(surface_plancher_construite/60.)+1),NULL)))"
27,"[269] ?RUN(True) @117 [zonage(1)] DEF(.) <travaux_sur_existant(_TO_hebergement_hotelier)> {.} OPT(nombre_place_stationnement, minimum,(C(nombre_place_stationnement_MIN=ENT(surface_plancher_construite/60.)+1),C(nombre_place_stationnement_MIN=max(20,nombre_chambre)+ENT(max(nombre_chambre-20),0)/20.)+1)))))"
270,[27] ?RUN(True) @28 [zonage(1)] DEF(.) <travaux_sur_existant(_FROM_commerce_TO_habitation):B(rez_chausee)> {entree_graphique(5)} #INTERDICTION
271,[270] ?RUN(True) @117 [zonage(1)] DEF(.) <travaux_sur_existant(_TO_bureau)> {.} C(nombre_place_stationnement_construite_MIN=nombre_place_stationnement_detruite)
272,[271] ?RUN(True) @117 [zonage(1)] DEF(.) <travaux_sur_existant(_TO_commerce)> {.} C(nombre_place_stationnement_construite_MIN=nombre_place_stationnement_detruite)
273,[272] ?RUN(True) @117 [zonage(1)] DEF(.) <travaux_sur_existant(_TO_artisanat)> {.} C(nombre_place_stationnement_construite_MIN=nombre_place_stationnement_detruite)
274,[273] ?RUN(True) @117 [zonage(1)] DEF(.) <travaux_sur_existant(_TO_industrie)> {.} C(nombre_place_stationnement_construite_MIN=nombre_place_stationnement_detruite)
275,[274] ?RUN(True) @117 [zonage(1)] DEF(.) <travaux_sur_existant(_TO_entrepot)> {.} C(nombre_place_stationnement_construite_MIN=nombre_place_stationnement_detruite)
276,[275] ?RUN(True) @117 [zonage(1)] DEF(.) <travaux_sur_existant(_TO_exploitation_aricole_forestiere)> {.} C(nombre_place_stationnement_construite_MIN=nombre_place_stationnement_detruite)
277,[276] ?RUN(True) @117 [zonage(1)] DEF(.) <travaux_sur_existant(_TO_cinaspic)> {.} C(nombre_place_stationnement_construite_MIN=nombre_place_stationnement_detruite)
278,[277] ?RUN(True) @117 [zonage(1)] DEF(.) <travaux_sur_existant(_TO_hebergement_hotelier)> {.} C(nombre_place_stationnement_construite_MIN=nombre_place_stationnement_detruite)
279,[278] ?RUN(True) @118 [zonage(1)] DEF(.) <construction(_IS_habitation):B(nombre_logement>=2)> {.} QUALI(_contrainte)
28,[279] ?RUN(True) @118 [zonage(1)] DEF(.) <construction(_IS_habitation):B(nombre_logement>=2)> {.} C(espace_velo_OBL=True)
280,[28] ?RUN(True) @28 [zonage(1)] DEF(.) <travaux_sur_existant(_FROM_commerce_TO_hebergement_hotelier):B(rez_chausee)> {entree_graphique(5)} #INTERDICTION
281,[280] ?RUN(True) @118 [zonage(1)] DEF(.) <construction(_IS_bureau)> {.} C(espace_velo_OBL=True)
282,[281] ?RUN(True) @118 [zonage(1)] DEF(.) <construction(_IS_bureau)> {.} QUALI(_contrainte)
283,"[282] ?RUN(True) @119 [zonage(1)] DEF(.) <construction(_IS_habitation)> {.} C(superficie_espace_velo_MIN=max(0.75*(nombre_logement_1_piece+nombre_logement_2_pieces)+1.5*(nombre_logement-nombre_logement_1_piece-nombre_logement_2_pieces),3.))"
284,[283] ?RUN(True) @119 [zonage(1)] DEF(.) <construction(_IS_bureau)> {.} C(superficie_espace_velo_MIN=0.015*surface_plancher)
285,[284] ?RUN(True) @119 [zonage(1)] DEF(.) <construction(_IS_bureau)> {.} C(espace_velo_unifie_OBL=False)
286,[285] ?RUN(True) @119 [zonage(1)] DEF(.) <construction(_IS_commerce):B(surface_plancher>=500.)> {.} QUALI(_contrainte)
287,[286] ?RUN(True) @119 [zonage(1)] DEF(.) <construction(_IS_commerce):B(surface_plancher>=500.)> {.} C(nombre_place_stationnement_velo_MIN=ENT(nombre_employe/10.))
288,[287] ?RUN(True) @119 [zonage(1)] DEF(.) <construction(_IS_artisanat):B(surface_plancher>=500.))> {.} QUALI(_contrainte)
289,[288] ?RUN(True) @119 [zonage(1)] DEF(.) <construction(_IS_artisanat):B(surface_plancher>=500.))> {.} C(nombre_place_stationnement_velo_MIN=ENT(nombre_employe/10.))
29,[289] ?RUN(True) @119 [zonage(1)] DEF(.) <construction(_IS_hebergement_hotelier):B(surface_plancher>=500.)> {.} QUALI(_contrainte)
290,[29] ?RUN(True) @28 [zonage(1)] DEF(.) <travaux_sur_existant(_FROM_commerce_TO_bureau):B(rez_chausee)> {entree_graphique(5)} #INTERDICTION
291,[290] ?RUN(True) @119 [zonage(1)] DEF(.) <construction(_IS_hebergement_hotelier):B(surface_plancher>=500.)> {.} C(nombre_place_stationnement_velo_MIN=ENT(nombre_employe/10.))
292,[291] ?RUN(True) @119 [zonage(1)] DEF(.) <construction(_IS_habitation)> {.} C(nombre_place_stationnement_velo_MIN=ENT(nombre_employe/10.))
293,[292] ?RUN(True) @119 [zonage(1)] DEF(.) <construction(_IS_cinaspic)> {.} QUALI(_contrainte)
294,[293] ?RUN(True) @119 [zonage(1)] DEF(.) <construction(_IS_ecole)> {.} QUALI(_contrainte)
295,[294] ?RUN(True) @119 [zonage(1)] DEF(.) <construction(_IS_ecole)> {.} C(nombre_place_stationnement_velo_MAX=ENT(nombre_eleve/8.))
296,[295] ?RUN(True) @119 [zonage(1)] DEF(.) <construction(_IS_ecole)> {.} C(nombre_place_stationnement_velo_MIN=ENT(nombre_eleve/12.))
297,"[296] ?RUN(True) @(120,121) [zonage(1)] DEF(.) <construction(_IS_hbureau)> {.} !PACKAGE(27,28)"
298,"[297] ?RUN(True) @(120,121) [zonage(1)] DEF(.) <construction(_IS_bureau)> {.} QUALI(_contrainte)"
299,"[298] ?RUN(True) @(120,121) [zonage(1)] DEF(.) <construction(_IS_habitation):B(nombre_logement>=2)> {.} !PACKAGE(27,28)"
3,"[299] ?RUN(True) @(120,121) [zonage(1)] DEF(.) <construction(_IS_habitation):B(nombre_logement>=2)> {.} QUALI(_contrainte)"
30,[3] ?RUN(True) @4 [.] DEF(.) <general> {entree_graphique(1)} QUALI(_justification)
300,[30] ?RUN(True) @28 [zonage(1)] DEF(.) <travaux_sur_existant(_FROM_commerce_TO_industrie):B(rez_chausee)> {entree_graphique(5)} #INTERDICTION
301,[300] ?RUN(True) @122 [zonage(1)] DEF(.) <construction:B(emplacement_stationnement)> {.} C(longueur_emplacement_stationnement=5.)
302,[301] ?RUN(True) @122 [zonage(1)] DEF(.) <construction:B(emplacement_stationnement)> {.} C(largeur_emplacement_stationnement=2.5)
303,[302] ?RUN(True) @122 [zonage(1)] DEF(.) <construction:B(emplacement_stationnement)> {.} C(longueur_degagement_emplacement_stationnement=5.)
304,[303] ?RUN(True) @123 [zonage(1)] DEF(.) <construction:B(aire_stationnement):B(nombre_emplacement>=3)> {.} C(aire_materialisee_au_sol_OBL=True)
305,"[304] ?RUN(True) @(124,125) [zonage(1)] DEF(.) <construction:B(rampe_acces_sous_sol)> {.} C(pente_rampe_acces_m5_MAX=0.05)"
306,"[305] ?RUN(True) @(124,125) [zonage(1)] DEF(.) <construction:B(rampe_acces_sous_sol)> {.} QUALI(_contrainte)"
307,[306] ?RUN(True) @126 [zonage(1)] DEF(.) <construction(_IS_habitation):B(nombre_logement>=3)> {B(type_rampe_acces==sens_unique)} C(largeur_rampe_acces_IDE=3.5)
308,[307] ?RUN(True) @126 [zonage(1)] DEF(.) <construction(_IS_bureau)> {B(type_rampe_acces==sens_unique)} C(largeur_rampe_acces_IDE=3.5)
309,[308] ?RUN(True) @126 [zonage(1)] DEF(.) <construction(_IS_commerce)> {B(type_rampe_acces==sens_unique)} C(largeur_rampe_acces_IDE=3.5)
31,[309] ?RUN(True) @126 [zonage(1)] DEF(.) <construction(_IS_artisanat)> {B(type_rampe_acces==sens_unique)} C(largeur_rampe_acces_IDE=3.5)
310,[31] ?RUN(True) @28 [zonage(1)] DEF(.) <travaux_sur_existant(_FROM_commerce_TO_entrepot):B(rez_chausee)> {entree_graphique(5)} #INTERDICTION
311,[310] ?RUN(True) @126 [zonage(1)] DEF(.) <construction(_IS_industrie)> {B(type_rampe_acces==sens_unique)} C(largeur_rampe_acces_IDE=3.5)
312,[311] ?RUN(True) @126 [zonage(1)] DEF(.) <construction(_IS_hebergement_hotelier)> {B(type_rampe_acces==sens_unique)} C(largeur_rampe_acces_IDE=3.5)
313,[312] ?RUN(True) @126 [zonage(1)] DEF(.) <construction(_IS_entrepot)> {B(type_rampe_acces==sens_unique)} C(largeur_rampe_acces_IDE=3.5)
314,[313] ?RUN(True) @126 [zonage(1)] DEF(.) <construction(_IS_exploitation_agricole_forestiere)> {B(type_rampe_acces==sens_unique)} C(largeur_rampe_acces_IDE=3.5)
315,[314] ?RUN(True) @126 [zonage(1)] DEF(.) <construction(_IS_cinaspic)> {B(type_rampe_acces==sens_unique)} C(largeur_rampe_acces_IDE=3.5)
316,[315] ?RUN(True) @126 [zonage(1)] DEF(.) <construction(_IS_habitation):B(nombre_logement>=3)> {B(type_rampe_acces==double_sensANDnombre_places_desservies_rampe_acces<=30)} C(largeur_rampe_acces_IDE=3.5)
317,[316] ?RUN(True) @126 [zonage(1)] DEF(.) <construction(_IS_bureau)> {B(type_rampe_acces==double_sensANDnombre_places_desservies_rampe_acces<=30)} C(largeur_rampe_acces_IDE=3.5)
318,[317] ?RUN(True) @126 [zonage(1)] DEF(.) <construction(_IS_commerce)> {B(type_rampe_acces==double_sensANDnombre_places_desservies_rampe_acces<=30)} C(largeur_rampe_acces_IDE=3.5)
319,[318] ?RUN(True) @126 [zonage(1)] DEF(.) <construction(_IS_artisanat)> {B(type_rampe_acces==double_sensANDnombre_places_desservies_rampe_acces<=30)} C(largeur_rampe_acces_IDE=3.5)
32,[319] ?RUN(True) @126 [zonage(1)] DEF(.) <construction(_IS_industrie)> {B(type_rampe_acces==double_sensANDnombre_places_desservies_rampe_acces<=30)} C(largeur_rampe_acces_IDE=3.5)
320,[32] ?RUN(True) @28 [zonage(1)] DEF(.) <travaux_sur_existant(_FROM_commerce_TO_exploitation_agricole_forestiere):B(rez_chausee)> {entree_graphique(5)} #INTERDICTION
321,[320] ?RUN(True) @126 [zonage(1)] DEF(.) <construction(_IS_hebergement_hotelier)> {B(type_rampe_acces==double_sensANDnombre_places_desservies_rampe_acces<=30)} C(largeur_rampe_acces_IDE=3.5)
322,[321] ?RUN(True) @126 [zonage(1)] DEF(.) <construction(_IS_entrepot)> {B(type_rampe_acces==double_sensANDnombre_places_desservies_rampe_acces<=30)} C(largeur_rampe_acces_IDE=3.5)
323,[322] ?RUN(True) @126 [zonage(1)] DEF(.) <construction(_IS_exploitation_agricole_forestiere)> {B(type_rampe_acces==double_sensANDnombre_places_desservies_rampe_acces<=30)} C(largeur_rampe_acces_IDE=3.5)
324,[323] ?RUN(True) @126 [zonage(1)] DEF(.) <construction(_IS_cinaspic)> {B(type_rampe_acces==double_sensANDnombre_places_desservies_rampe_acces<=30)} C(largeur_rampe_acces_IDE=3.5)
325,[324] ?RUN(True) @126 [zonage(1)] DEF(.) <construction(_IS_habitation):B(nombre_logement>=3)> {B(type_rampe_acces==double_sensANDnombre_places_desservies_rampe_acces>=30)} C(largeur_rampe_acces_IDE=6.5)
326,[325] ?RUN(True) @126 [zonage(1)] DEF(.) <construction(_IS_bureau)> {B(type_rampe_acces==double_sensANDnombre_places_desservies_rampe_acces>=30)} C(largeur_rampe_acces_IDE=6.5)
327,[326] ?RUN(True) @126 [zonage(1)] DEF(.) <construction(_IS_commerce)> {B(type_rampe_acces==double_sensANDnombre_places_desservies_rampe_acces>=30)} C(largeur_rampe_acces_IDE=6.5)
328,[327] ?RUN(True) @126 [zonage(1)] DEF(.) <construction(_IS_artisanat)> {B(type_rampe_acces==double_sensANDnombre_places_desservies_rampe_acces>=30)} C(largeur_rampe_acces_IDE=6.5)
329,[328] ?RUN(True) @126 [zonage(1)] DEF(.) <construction(_IS_industrie)> {B(type_rampe_acces==double_sensANDnombre_places_desservies_rampe_acces>=30)} C(largeur_rampe_acces_IDE=6.5)
33,[329] ?RUN(True) @126 [zonage(1)] DEF(.) <construction(_IS_hebergement_hotelier)> {B(type_rampe_acces==double_sensANDnombre_places_desservies_rampe_acces>=30)} C(largeur_rampe_acces_IDE=6.5)
330,[33] ?RUN(True) @28 [zonage(1)] DEF(.) <travaux_sur_existant(_FROM_commerce_TO_cinaspic):B(rez_chausee)> {entree_graphique(5)} #INTERDICTION
331,[330] ?RUN(True) @126 [zonage(1)] DEF(.) <construction(_IS_entrepot)> {B(type_rampe_acces==double_sensANDnombre_places_desservies_rampe_acces>=30)} C(largeur_rampe_acces_IDE=6.5)
332,[331] ?RUN(True) @126 [zonage(1)] DEF(.) <construction(_IS_exploitation_agricole_forestiere)> {B(type_rampe_acces==double_sensANDnombre_places_desservies_rampe_acces>=30)} C(largeur_rampe_acces_IDE=6.5)
333,[332] ?RUN(True) @126 [zonage(1)] DEF(.) <construction(_IS_cinaspic)> {B(type_rampe_acces==double_sensANDnombre_places_desservies_rampe_acces>=30)} C(largeur_rampe_acces_IDE=6.5)
334,[333] ?RUN(True) @126 [zonage(1)] DEF(.) <construction(_IS_bureau)> {.} C(rayon_interieur_rampe_acces_MIN=5.)
335,[334] ?RUN(True) @126 [zonage(1)] DEF(.) <construction(_IS_commerce)> {.} C(rayon_interieur_rampe_acces_MIN=5.)
336,[335] ?RUN(True) @126 [zonage(1)] DEF(.) <construction(_IS_artisanat)> {.} C(rayon_interieur_rampe_acces_MIN=5.)
337,[336] ?RUN(True) @126 [zonage(1)] DEF(.) <construction(_IS_industrie)> {.} C(rayon_interieur_rampe_acces_MIN=5.)
338,[337] ?RUN(True) @126 [zonage(1)] DEF(.) <construction(_IS_hebergement_hotelier)> {.} C(rayon_interieur_rampe_acces_MIN=5.)
339,[338] ?RUN(True) @126 [zonage(1)] DEF(.) <construction(_IS_entrepot)> {.} C(rayon_interieur_rampe_acces_MIN=5.)
34,[339] ?RUN(True) @126 [zonage(1)] DEF(.) <construction(_IS_exploitation_agricole_forestiere)> {.} C(rayon_interieur_rampe_acces_MIN=5.)
340,[34] ?RUN(True) @29 [zonage(1)] DEF(.) <construction(_IS_habitation):B((surface_plancher>=400.)OR(nombre_logement>=10))> {B(taux_logement_locatifs_sociaux>=0.25)} #AUTORISATION
341,[340] ?RUN(True) @126 [zonage(1)] DEF(.) <construction(_IS_cinaspic)> {.} C(rayon_interieur_rampe_acces_MIN=5.)
342,[341] ?RUN(True) @126 [zonage(1)] DEF(.) <construction(_IS_habitation):B(nombre_logement>=3)> {.} C(rayon_interieur_rampe_acces_MIN=5.)
343,[342] ?RUN(True) @126 [zonage(1)] DEF(.) <construction(_IS_habitation):B(nombre_logement>=3)> {B(type_rampe_acces==sens_unique)} C(rayon_exterieur_rampe_acces_MIN=3.5+rayon_interieur_rampe_acces)
344,[343] ?RUN(True) @126 [zonage(1)] DEF(.) <construction(_IS_bureau)> {B(type_rampe_acces==sens_unique)} C(rayon_exterieur_rampe_acces_MIN=3.5+rayon_interieur_rampe_acces)
345,[344] ?RUN(True) @126 [zonage(1)] DEF(.) <construction(_IS_commerce)> {B(type_rampe_acces==sens_unique)} C(rayon_exterieur_rampe_acces_MIN=3.5+rayon_interieur_rampe_acces)
346,[345] ?RUN(True) @126 [zonage(1)] DEF(.) <construction(_IS_artisanat)> {B(type_rampe_acces==sens_unique)} C(rayon_exterieur_rampe_acces_MIN=3.5+rayon_interieur_rampe_acces)
347,[346] ?RUN(True) @126 [zonage(1)] DEF(.) <construction(_IS_industrie)> {B(type_rampe_acces==sens_unique)} C(rayon_exterieur_rampe_acces_MIN=3.5+rayon_interieur_rampe_acces)
348,[347] ?RUN(True) @126 [zonage(1)] DEF(.) <construction(_IS_hebergement_hotelier)> {B(type_rampe_acces==sens_unique)} C(rayon_exterieur_rampe_acces_MIN=3.5+rayon_interieur_rampe_acces)
349,[348] ?RUN(True) @126 [zonage(1)] DEF(.) <construction(_IS_entrepot)> {B(type_rampe_acces==sens_unique)} C(rayon_exterieur_rampe_acces_MIN=3.5+rayon_interieur_rampe_acces)
35,[349] ?RUN(True) @126 [zonage(1)] DEF(.) <construction(_IS_exploitation_agricole_forestiere)> {B(type_rampe_acces==sens_unique)} C(rayon_exterieur_rampe_acces_MIN=3.5+rayon_interieur_rampe_acces)
350,[35] ?RUN(True) @29 [zonage(1)] DEF(hauteur_construction:eq:1) <construction:B(est_annexeANDhauteur_construction<=3.5ANDemprise_au_sol<=15.)> {entree_graphique(6)} #AUTORISATION
351,[350] ?RUN(True) @126 [zonage(1)] DEF(.) <construction(_IS_cinaspic)> {B(type_rampe_acces==sens_unique)} C(rayon_exterieur_rampe_acces_MIN=3.5+rayon_interieur_rampe_acces)
352,[351] ?RUN(True) @126 [zonage(1)] DEF(.) <construction(_IS_habitation):B(nombre_logement>=3)> {.} C(rayon_exterieur_rampe_acces_MIN=6.+rayon_interieur_rampe_acces)
353,[352] ?RUN(True) @126 [zonage(1)] DEF(.) <construction(_IS_bureau)> {.} C(rayon_exterieur_rampe_acces_MIN=6.+rayon_interieur_rampe_acces)
354,[353] ?RUN(True) @126 [zonage(1)] DEF(.) <construction(_IS_commerce)> {.} C(rayon_exterieur_rampe_acces_MIN=6.+rayon_interieur_rampe_acces)
355,[354] ?RUN(True) @126 [zonage(1)] DEF(.) <construction(_IS_artisanat)> {.} C(rayon_exterieur_rampe_acces_MIN=6.+rayon_interieur_rampe_acces)
356,[355] ?RUN(True) @126 [zonage(1)] DEF(.) <construction(_IS_industrie)> {.} C(rayon_exterieur_rampe_acces_MIN=6.+rayon_interieur_rampe_acces)
357,[356] ?RUN(True) @126 [zonage(1)] DEF(.) <construction(_IS_hebergement_hotelier)> {.} C(rayon_exterieur_rampe_acces_MIN=6.+rayon_interieur_rampe_acces)
358,[357] ?RUN(True) @126 [zonage(1)] DEF(.) <construction(_IS_entrepot)> {.} C(rayon_exterieur_rampe_acces_MIN=6.+rayon_interieur_rampe_acces)
359,[358] ?RUN(True) @126 [zonage(1)] DEF(.) <construction(_IS_exploitation_agricole_forestiere)> {.} C(rayon_exterieur_rampe_acces_MIN=6.+rayon_interieur_rampe_acces)
36,[359] ?RUN(True) @126 [zonage(1)] DEF(.) <construction(_IS_cinaspic)> {.} C(rayon_exterieur_rampe_acces_MIN=6.+rayon_interieur_rampe_acces)
360,[36] ?RUN(alt_level(1)==1) @30 [zonage(1)] DEF(.) <general> {.} C(accessible_par_voie_carossable_OBL=True)
361,"[360] ?RUN(True) @(127,128) [zonage(1)] DEF(.) <construction> {.} QUALI(_contrainte)"
362,[361] ?RUN(True) @129 [zonage(6)] DEF(.) <construction> {.} C(proportion_espace_vert_amenage_MIN=0.05)
363,[362] ?RUN(True) @130 [zonage(1)] DEF(.) <construction:B(espace_vegetalise_sur_dalle)> {.} C(epaisseur_terre_vegetale_espace_vert_MIN=0.8)
364,[363] ?RUN(True) @130 [zonage(1)] DEF(.) <construction:B(espace_vegetalise_sur_dalle)> {.} QUALI(_contrainte)
365,[364] ?RUN(True) @131 [zonage(1)] DEF(.) <general> {.} C(hauteur_arbres_a_implantation_MIN=2.4)
366,[365] ?RUN(True) @131 [zonage(1)] DEF(.) <general> {.} C(nombre_arbre_MIN==ENT(surface_espace_libre/200.)+1)
367,[366] ?RUN(True) @132 [zonage(1)] DEF(.) <general> {.} QUALI(_contrainte)
368,[367] ?RUN(True) @133 [zonage(1)] DEF(.) <general> {entree_graphique(3)} QUALI(_contrainte)
369,[368] ?RUN(True) @134 [zonage(1)] DEF(.) <general> {entree_graphique(3)} QUALI(_contrainte)
37,[369] ?RUN(True) @135 [zonage(1)] DEF(.) <construction> {entree_graphique(3)} C(marge_recul_arbre=5.)
370,[37] ?RUN(alt_level(1)==2) @30 [zonage(1)] DEF(.) <general> {.} C(accessible_par_servitude_passage_OBL=True)
371,[370] ?RUN(True) @136 [zonage(1)] DEF(.) <general> {entree_graphique(4)} !PACKAGE(29)
372,[371] ?RUN(True) @138 [zonage(1)] DEF(.) <general> {.} QUALI(_information)
373,[372] ?RUN(True) @139 [zonage(1)] DEF(.) <general> {.} QUALI(_contrainte)
374,[373] ?RUN(True) @140 [zonage(1)] DEF(.) <general> {.} QUALI(_contrainte)
375,[374] ?RUN(True) @141 [zonage(1)] DEF(.) <construction(_IS_habitation):B(nombre_logement>=3)> {.} C(connexion_reseau_haut_debit_OBL=True)
376,[375] ?RUN(True) @141 [zonage(1)] DEF(.) <construction(_IS_bureau)> {.} C(connexion_reseau_haut_debit_OBL=True)
38,[376] ?RUN(True) @141 [zonage(1)] DEF(.) <construction(_IS_hebergement_hotelier)> {.} C(connexion_reseau_haut_debit_OBL=True)
39,[38] ?RUN(True) @31 [zonage(1)] DEF(.) <general:B(voie_acces_terrain)> {.} QUALI(_contrainte)
4,[39] ?RUN(True) @32 [zonage(1)] DEF(.) <general:B(voie_acces_terrain)> {.} !PACKAGE(25)
40,[4] ?RUN(True) @4 [.] DEF(.) <general> {entree_graphique(1)} QUALI(_contrainte)
41,[40] ?RUN(True) @34 [zonage(1)] DEF(.) <general:B(acces_terrain)> {.} QUALI(_contrainte)
42,[41] ?RUN(True) @34 [zonage(1)] DEF(.) <general:B(acces_terrain)> {.} !PACKAGE(25)
43,[42] ?RUN(True) @35 [zonage(1)] DEF(.) <general:B(acces_terrain)> {.} QUALI(_contrainte)
44,[43] ?RUN(True) @35 [zonage(1)] DEF(.) <general:B(acces_terrain)> {B(nombre_voie_acces_terrain>=2)} QUALI(_contrainte)
45,[44] ?RUN(True) @36 [zonage(1)] DEF(.) <construction:B(accesANDacces_terrain_sous_porche))> {.} C(hauteur_libre_sous_porche_MIN=5.)
46,[45] ?RUN(True) @37 [zonage(1)] DEF(.) <construction(_IS_habitation):B(voie_acces_terrain)> {B(nombre_logement_desservi<=10)} C(emprise_voie_acces_terrain_MIN=3)
47,[46] ?RUN(True) @38 [zonage(1)] DEF(.) <construction(_IS_habitation):B(nombre_logement_desservi>=10)> {.} C(emprise_voie_acces_terrain_MIN=4)
48,[47] ?RUN(True) @38 [zonage(1)] DEF(.) <construction(_IS_habitation):B(nombre_logement_desservi>=10)> {.} !PACKAGE(25)
49,[48] ?RUN(True) @38 [zonage(1)] DEF(.) <construction(_IS_bureau)> {.} C(emprise_voie_acces_terrain_MIN=4)
5,[49] ?RUN(True) @38 [zonage(1)] DEF(.) <construction(_IS_commerce)> {.} C(emprise_voie_acces_terrain_MIN=4)
50,[5] ?RUN(True) @5 [.] DEF(.) <general> {entree_graphique(1)} !PACKAGE(2)
51,[50] ?RUN(True) @38 [zonage(1)] DEF(.) <construction(_IS_artisanat)> {.} C(emprise_voie_acces_terrain_MIN=4)
52,[51] ?RUN(True) @38 [zonage(1)] DEF(.) <construction(_IS_industrie)> {.} C(emprise_voie_acces_terrain_MIN=4)
53,[52] ?RUN(True) @38 [zonage(1)] DEF(.) <construction(_IS_hebergement_hotelier)> {.} C(emprise_voie_acces_terrain_MIN=4)
54,[53] ?RUN(True) @38 [zonage(1)] DEF(.) <construction(_IS_entrepot)> {.} C(emprise_voie_acces_terrain_MIN=4)
55,[54] ?RUN(True) @38 [zonage(1)] DEF(.) <construction(_IS_exploitation_agricole_forestiere)> {.} C(emprise_voie_acces_terrain_MIN=4)
56,[55] ?RUN(True) @38 [zonage(1)] DEF(.) <construction(_IS_cinaspic)> {.} C(emprise_voie_acces_terrain_MIN=4)
57,[56] ?RUN(True) @38 [zonage(1)] DEF(.) <construction(_IS_bureau)> {.} !PACKAGE(25)
58,[57] ?RUN(True) @38 [zonage(1)] DEF(.) <construction(_IS_commerce)> {.} !PACKAGE(25)
59,[58] ?RUN(True) @38 [zonage(1)] DEF(.) <construction(_IS_artisanat)> {.} !PACKAGE(25)
6,[59] ?RUN(True) @38 [zonage(1)] DEF(.) <construction(_IS_industrie)> {.} !PACKAGE(25)
60,[6] ?RUN(True) @6 [.] DEF(.) <construction> {entree_graphique(2)} #INTERDICTION
61,[60] ?RUN(True) @38 [zonage(1)] DEF(.) <construction(_IS_hebergement_hotelier)> {.} !PACKAGE(25)
62,[61] ?RUN(True) @38 [zonage(1)] DEF(.) <construction(_IS_entrepot)> {.} !PACKAGE(25)
63,[62] ?RUN(True) @38 [zonage(1)] DEF(.) <construction(_IS_exploitation_agricole_forestiere)> {.} !PACKAGE(25)
64,[63] ?RUN(True) @38 [zonage(1)] DEF(.) <construction(_IS_cinaspic)> {.} !PACKAGE(25)
65,[64] ?RUN(True) @38 [zonage(1)] DEF(.) <construction(_IS_habitation):B(nombre_logement_desservi>=10)> {B(voie_acces_terrain_en_impasse)} QUALI(_contrainte)
66,[65] ?RUN(True) @38 [zonage(1)] DEF(.) <construction(_IS_bureau)> {B(voie_acces_terrain_en_impasse)} QUALI(_contrainte)
67,[66] ?RUN(True) @38 [zonage(1)] DEF(.) <construction(_IS_commerce)> {B(voie_acces_terrain_en_impasse)} QUALI(_contrainte)
68,[67] ?RUN(True) @38 [zonage(1)] DEF(.) <construction(_IS_artisanat)> {B(voie_acces_terrain_en_impasse)} QUALI(_contrainte)
69,[68] ?RUN(True) @38 [zonage(1)] DEF(.) <construction(_IS_industrie)> {B(voie_acces_terrain_en_impasse)} QUALI(_contrainte)
7,[69] ?RUN(True) @38 [zonage(1)] DEF(.) <construction(_IS_hebergement_hotelier)> {B(voie_acces_terrain_en_impasse)} QUALI(_contrainte)
70,[7] ?RUN(True) @6 [.] DEF(.) <construction:B(cloture)> {entree_graphique(2)} #INTERDICTION
71,[70] ?RUN(True) @38 [zonage(1)] DEF(.) <construction(_IS_entrepot)> {B(voie_acces_terrain_en_impasse)} QUALI(_contrainte)
72,[71] ?RUN(True) @38 [zonage(1)] DEF(.) <construction(_IS_exploitation_agricole_forestiere)> {B(voie_acces_terrain_en_impasse)} QUALI(_contrainte)
73,[72] ?RUN(True) @38 [zonage(1)] DEF(.) <construction(_IS_cinaspic)> {B(voie_acces_terrain_en_impasse)} QUALI(_contrainte)
74,[73] ?RUN(True) @39 [zonage(1)] DEF(.) <construction> {.} C(raccord_reseau_eau_potable_OBL=True)
75,[74] ?RUN(True) @39 [zonage(1)] DEF(.) <construction> {.} C(raccord_reseau_electricite_OBL=True)
76,[75] ?RUN(True) @39 [zonage(1)] DEF(.) <construction> {.} C(raccord_reseau_assainissement_OBL=True)
77,[76] ?RUN(True) @40 [zonage(1)] DEF(.) <construction> {.} C(raccord_reseau_eau_potable_OBL=True)
78,[77] ?RUN(True) @40 [zonage(1)] DEF(.) <construction:B(raccordement_reseau_eau_potable)> {.} !PACKAGE(26)
79,[78] ?RUN(True) @41 [zonage(1)] DEF(.) <construction:B(raccordement_reseau_assainissement)> {.} QUALI(_contrainte)
8,[79] ?RUN(True) @42 [zonage(1)] DEF(.) <construction:B(raccordement_reseau_assainissement)> {.} !PACKAGE(26)
80,[8] ?RUN(True) @6 [.] DEF(.) <construction:B(portail)> {entree_graphique(2)} #INTERDICTION
81,[80] ?RUN(True) @43 [zonage(1)] DEF(.) <construction:B(raccordement_reseau_assainissement)> {.} QUALI(_contrainte)
82,[81] ?RUN(MAYBE) @44 [zonage(1)] DEF(.) <construction:B(raccordement_reseau_assainissement)> {.} QUALI(_contrainte)
83,[82] ?RUN(True) @44 [zonage(1)] DEF(.) <construction:B(raccordement_reseau_assainissement)> {.} !PACKAGE(26)
84,[83] ?RUN(alt_level(2)==1) @45 [zonage(1)] DEF(.) <construction:B(raccordement_reseau_assainissement)> {.} QUALI(_contrainte)
85,[84] ?RUN(alt_level(2)==1) @45 [zonage(1)] DEF(.) <construction:B(raccordement_reseau_assainissement)> {entree_graphique(7)} QUALI(_contrainte)
86,[85] ?RUN(alt_level(2)==2) @45 [zonage(1)] DEF(.) <construction:B(raccordement_reseau_assainissement)> {.} C(debit_rejet_reseau_assainissement_MAX=2.)
87,[86] ?RUN(alt_level(2)==2) @45 [zonage(1)] DEF(.) <construction:B(raccordement_reseau_assainissement)> {.} QUALI(_contrainte)
88,[87] ?RUN(MAYBE) @46 [zonage(1)] DEF(.) <construction:B(raccordement_reseau_assainissement)> {.} C(rejet_infiltration_pretraite_OBL=True)
89,[88] ?RUN(alt_level(3)==1) @47 [zonage(1)] DEF(.) <construction:B(raccordement_reseau_electricite)> {.} C(raccordement_reseau_electricite_methode_1_OBL=True)
9,[89] ?RUN(alt_level(3)==2) @47 [zonage(1)] DEF(.) <construction:B(raccordement_reseau_electricite)> {.} C(raccordement_reseau_electricite_methode_2_AUT=True)
90,[9] ?RUN(True) @6 [.] DEF(.) <construction:B(portillon)> {entree_graphique(2)} #INTERDICTION
91,[90] ?RUN(True) @48 [zonage(1)] DEF(.) <construction> {.} QUALI(_contrainte)
92,[91] ?RUN(True) @50 [zonage(1)] DEF(.) <construction> {.} C(implantation_alignement_6_AUT=True)
93,[92] ?RUN(True) @50 [zonage(1)] DEF(.) <construction> {.} C(implantation_retrait_6_AUT=True)
94,[93] ?RUN(True) @50 [zonage(1)] DEF(.) <construction> {.} C(marge_retrait_6=3.)
95,[94] ?RUN(True) @51 [zonage(5)] DEF(.) <construction> {entree_graphique(8)} C(implantation_alignement_6_OBL=True)
96,[95] ?RUN(True) @51 [zonage(6)] DEF(.) <construction> {entree_graphique(8)} C(implantation_alignement_6_OBL=True)
97,[96] ?RUN(True) @52 [zonage(6)] DEF(.) <construction> {entree_graphique(9)} C(implantation_retrait_6_OBL=True)
98,[97] ?RUN(True) @53 [zonage(1)] DEF(.) <construction:B(saillie_alignement_6)> {B(largeur_voie_publique_pour_saillie_alignement_6>=8.ANDtaille_saillie_alignement_6<=1.2ANDhauteur_saillie_alignement_6>=5.5)} #AUTORISATION
99,[98] ?RUN(True) @53 [zonage(1)] DEF(.) <isolation_par_exterieur:B(isolation_en_saillie_alignement_6)> {B(date_construction<=%date_approbation)} #AUTORISATION
id_regle,[99] ?RUN(True) @53 [zonage(1)] DEF(.) <acces_batiment> {.} QUALI(_contrainte)
1,
10,
100,
101,
102,
103,
104,
105,
106,
107,
108,
109,
11,
110,
111,
112,
113,
114,
115,
116,
117,
118,
119,
12,
120,
121,
122,
123,
124,
126,
127,
128,
129,
13,
130,
131,
132,
133,
134,
135,
136,
137,
138,
139,
14,
140,
141,
142,
143,
144,
145,
146,
147,
148,
149,
15,
150,
151,
152,
153,
154,
155,
156,
157,
158,
159,
16,
160,
161,
162,
163,
164,
165,
166,
167,
168,
169,
17,
170,
171,
172,
173,
174,
175,
176,
177,
178,
179,
18,
180,
181,
182,
183,
184,
185,
186,
187,
188,
189,
19,
190,
191,
192,
193,
194,
195,
196,
197,
198,
199,
2,
20,
200,
201,
202,
203,
204,
205,
206,
207,
208,
209,
21,
210,
211,
212,
213,
214,
215,
216,
217,
218,
219,
22,
220,
221,
222,
223,
224,
225,
226,
227,
228,
229,
23,
230,
231,
232,
233,
234,
235,
236,
237,
238,
239,
24,
240,
241,
242,
243,
244,
245,
246,
247,
248,
249,
25,
250,
251,
252,
253,
254,
255,
256,
257,
258,
259,
26,
260,
261,
262,
263,
264,
265,
266,
267,
268,
269,
27,
270,
271,
272,
273,
274,
275,
276,
277,
278,
279,
28,
280,
281,
282,
283,
284,
285,
286,
287,
288,
289,
29,
290,
291,
292,
293,
294,
295,
296,
297,
298,
299,
3,
30,
300,
301,
302,
303,
304,
305,
306,
307,
308,
309,
31,
310,
311,
312,
313,
314,
315,
316,
317,
318,
319,
32,
320,
321,
322,
323,
324,
325,
326,
327,
328,
329,
33,
330,
331,
332,
333,
334,
335,
336,
337,
338,
339,
34,
340,
341,
342,
343,
344,
345,
346,
347,
348,
349,
35,
350,
351,
352,
353,
354,
355,
356,
357,
358,
359,
36,
360,
361,
362,
363,
364,
365,
366,
367,
368,
369,
37,
370,
371,
372,
373,
374,
375,
376,
38,
39,
4,
40,
41,
42,
43,
44,
45,
46,
47,
48,
49,
5,
50,
51,
52,
53,
54,
55,
56,
57,
58,
59,
6,
60,
61,
62,
63,
64,
65,
66,
67,
68,
69,
7,
70,
71,
72,
73,
74,
75,
76,
77,
78,
79,
8,
80,
81,
82,
83,
84,
85,
86,
87,
88,
89,
9,
90,
91,
92,
93,
94,
95,
96,
97,
98,
99,